{"count":1,"self":217.83528959999998,"total":218.0606051,"children":{"InitializeActuators":{"count":2,"self":0.0010077999999999999,"total":0.0010077999999999999,"children":null},"InitializeSensors":{"count":2,"self":0.0010008999999999999,"total":0.0010008999999999999,"children":null},"AgentSendState":{"count":1404,"self":0.0035199999999999997,"total":0.012576299999999999,"children":{"CollectObservations":{"count":282,"self":0.0020001999999999997,"total":0.0020001999999999997,"children":null},"WriteActionMask":{"count":282,"self":0.0009992,"total":0.0009992,"children":null},"RequestDecision":{"count":282,"self":0.0060569,"total":0.0060569,"children":null}}},"DecideAction":{"count":1404,"self":0.0651856,"total":0.0651856,"children":null},"AgentAct":{"count":1404,"self":0.14553349999999998,"total":0.14553349999999998,"children":null}},"gauges":{},"metadata":{"timer_format_version":"0.1.0","start_time_seconds":"1782904326","unity_version":"6000.3.7f1","command_line_arguments":"C:\\Program Files\\Unity\\Hub\\Editor\\6000.3.7f1\\Editor\\Unity.exe -projectPath C:\\Users\\diogo\\Loose Limbs","communication_protocol_version":"1.5.0","com.unity.ml-agents_version":"4.0.3","scene_name":"Credits","end_time_seconds":"1782904544"}}