{"count":1,"self":166.7277952,"total":167.21756779999998,"children":{"InitializeActuators":{"count":1,"self":0.0010000999999999999,"total":0.0010000999999999999,"children":null},"InitializeSensors":{"count":1,"self":0.0005057,"total":0.0005057,"children":null},"AgentSendState":{"count":4407,"self":0.017257599999999998,"total":0.0376229,"children":{"CollectObservations":{"count":367,"self":0.0050823,"total":0.0050823,"children":null},"WriteActionMask":{"count":367,"self":0.00050139999999999994,"total":0.00050139999999999994,"children":null},"RequestDecision":{"count":367,"self":0.014781599999999999,"total":0.014781599999999999,"children":null}}},"DecideAction":{"count":4407,"self":0.15993279999999999,"total":0.15993279999999999,"children":null},"AgentAct":{"count":4407,"self":0.2907152,"total":0.2907152,"children":null}},"gauges":{},"metadata":{"timer_format_version":"0.1.0","start_time_seconds":"1782942242","unity_version":"6000.3.7f1","command_line_arguments":"C:\\Program Files\\Unity\\Hub\\Editor\\6000.3.7f1\\Editor\\Unity.exe -projectpath C:\\Users\\diogo\\Loose Limbs -acceptSoftwareTermsForThisRunOnly -useHub -hubIPC -cloudEnvironment production","communication_protocol_version":"1.5.0","com.unity.ml-agents_version":"4.0.3","scene_name":"Level1","end_time_seconds":"1782942409"}}